/* @author AlexNewton */
/* @editor Martyn Green */



INSERT INTO movie VALUES (1, 'Ewan McGregor, Logan Gillies', 'CLASS_18', 'After 20 years abroad, Mark Renton returns to Scotland and reunites with his old friends Sick Boy, Spud, and Begbie.', 'Drama', 118, TRUE,'T2 Trainspotting', '2017-01-31');
INSERT INTO movie VALUES (2, 'Tom Hiddleston, Samuel L. Jackson, Brie Larson', 'CLASS_12A', 'A team of scientists explore an uncharted island in the Pacific, venturing into the domain of the mighty Kong, and must fight to escape a primal Eden.', 'Action', 120, TRUE, 'King Kong: Skull Island', '2017-03-01' );
INSERT INTO movie VALUES (3, 'Hugh Jackman, Patrick Stewart', 'CLASS_15', 'In the near future, a weary Logan cares for an ailing Professor X somewhere on the Mexican border. However, Logan''s attempts to hide from the world and his legacy are upended when a young mutant arrives, pursued by dark forces.', 'Adventure', 137, TRUE, 'Logan', '2017-03-03');
INSERT INTO movie VALUES (4, 'Matthew McConaughey, Reese Witherspoon', 'CLASS_PG', 'In a city of humanoid animals, a hustling theater impresario''s attempt to save his theater with a singing competition becomes grander than he anticipates even as its finalists'' find that their lives will never be the same.', 'Animation', 108, TRUE, 'Sing', '2016-11-21');
INSERT INTO movie VALUES (5, 'Andrew Garfield, Richard Pyros', 'CLASS_18', 'WWII American Army Medic Desmond T. Doss, who served during the Battle of Okinawa, refuses to kill people, and becomes the first man in American history to receive the Medal of Honor without firing a shot.', 'Biography, Drama, History', 139, TRUE, 'Hacksaw Ridge',  '2016-11-04');
INSERT INTO movie VALUES (6, 'Dakota Johnson, Jamie Dornan', 'CLASS_18', 'While Christian wrestles with his inner demons, Anastasia must confront the anger and envy of the women who came before her.', 'Drama, Romance', 118,  TRUE, '50 Shades Darker',  '2017-02-10');
INSERT INTO movie VALUES (7, 'Casey Affleck, Kyle Chandler', 'CLASS_18', 'A depressed uncle is asked to take care of his teenage nephew after the boy''s father dies.', 'Drama', 137, TRUE, 'Manchester by the Sea', '2016-12-16' );
INSERT INTO movie VALUES (8, 'Will Arnett, Rosario Dawson', 'CLASS_PG ', 'Bruce Wayne must not only deal with the criminals of Gotham City, but also the responsibility of raising a boy he adopted.', 'Animation, Action, Adventure', 104, TRUE, 'The Lego Batman Movie', '2016-12-16');
INSERT INTO movie VALUES (9, 'Keanu Reeves, Riccardo Scamarcio', 'CLASS_18', 'After returning to the criminal underworld to repay a debt, John Wick discovers that a large bounty has been put on his life.', 'Action, Crime, Thriller', 122, FALSE, 'John Wick: Chapter 2', '2017-02-10');
INSERT INTO movie VALUES (10, 'Matt Damon, Tian Jing', 'CLASS_12A', 'European mercenaries searching for black powder become embroiled in the defense of the Great Wall of China against a horde of monstrous creatures.', ' Action, Adventure, Fantasy', 103, FALSE, 'The Great Wall', '2017-02-17');
INSERT INTO movie VALUES (11, 'Mahershala Ali', 'CLASS_18', 'A chronicle of the childhood, adolescence and burgeoning adulthood of a young black man growing up in a rough neighborhood of Miami.', 'Drama', 111, FALSE, 'Moonlight', '2016-11-18');
INSERT INTO movie VALUES (12, 'Amy Adams, Jeremy Renner', 'CLASS_12A', 'When twelve mysterious spacecraft appear around the world, linguistics professor Louise Banks is tasked with interpreting the language of the apparent alien visitors.', ' Drama, Mystery, Sci-F', 116, FALSE, 'Arrival', '2016-11-11');
INSERT INTO movie VALUES (13, 'Felicity Jones, Diego Luna', 'CLASS_12A', 'The Rebel Alliance makes a risky move to steal the plans for the Death Star, setting up the epic saga to follow.', 'Action, Adventure, Sci-F', 133, FALSE, 'Rogue One', '2016-12-16');
INSERT INTO movie VALUES (14, 'Dane DeHaan, Jason Isaacs', 'CLASS_12A', 'An ambitious young executive is sent to retrieve his company''s CEO from an idyllic but mysterious ''wellness center'' at a remote location in the Swiss Alps, but soon suspects that the spa''s treatments are not what they seem.', 'Drama, Fantasy, Horror ', 146, FALSE, 'A Cure for Wellness', '2017-02-17');
INSERT INTO movie VALUES (15, 'Ryan Gosling, Emma Stone', 'CLASS_12A', 'A jazz pianist falls for an aspiring actress in Los Angeles.', ' Comedy, Drama, Music', 128,  FALSE, 'La La Land', '2016-12-25');
INSERT INTO movie VALUES (16, 'Natalie Portman', 'CLASS_18', 'Following the assassination of President John F. Kennedy, First Lady Jacqueline Kennedy fights through grief and trauma to regain her faith, console her children, and define her husband''s historic legacy.', 'Biography, Drama, History', 100, FALSE, 'Jackie', '2016-12-02');

INSERT INTO screen VALUES (1, 'url'),(2, 'url'),(3, 'lol'),(4, 'abc');


INSERT INTO block VALUES( 1,180, 8, 8, 1, 'A', 0, 0, 1);
INSERT INTO block VALUES( 2,180, 8, 8, 9, 'A', 1, 0, 1);
INSERT INTO block VALUES( 3,180, 8, 8, 1, 'I', 0, 1, 1);
INSERT INTO block VALUES( 4,180, 8, 8, 9, 'I', 1, 1, 1);
INSERT INTO block VALUES( 5,180, 10, 10, 1, 'A', 0, 0, 2);
INSERT INTO block VALUES( 6,180, 10, 10, 11, 'A', 1, 0, 2);
INSERT INTO block VALUES( 7,180, 10, 10, 1, 'K', 0, 1, 2);
INSERT INTO block VALUES( 8,180, 10, 10, 11, 'K', 1, 1, 2);
INSERT INTO block VALUES( 9,180, 10, 20, 1, 'A', 0, 0, 3);
INSERT INTO block VALUES( 10,180, 10, 20, 1, 'A', 0, 0, 3);


INSERT INTO seat values (1, 1, 'A', 1, 1);
INSERT INTO seat values (2, 1, 'B', 1, 1);
INSERT INTO seat values (3, 1, 'C', 1, 1);
INSERT INTO seat values (4, 1, 'D', 1, 1);
INSERT INTO seat values (5, 1, 'E', 1, 1);
INSERT INTO seat values (6, 1, 'F', 1, 1);
INSERT INTO seat values (7, 1, 'G', 1, 1);
INSERT INTO seat values (8, 1, 'H', 1, 1);
INSERT INTO seat values (9, 2, 'A', 1, 1);
INSERT INTO seat values (10, 2, 'B', 1, 1);
INSERT INTO seat values (11, 2, 'C', 1, 1);
INSERT INTO seat values (12, 2, 'D', 1, 1);
INSERT INTO seat values (13, 2, 'E', 1, 1);
INSERT INTO seat values (14, 2, 'F', 1, 1);
INSERT INTO seat values (15, 2, 'G', 1, 1);
INSERT INTO seat values (16, 2, 'H', 1, 1);
INSERT INTO seat values (17, 3, 'A', 1, 1);
INSERT INTO seat values (18, 3, 'B', 1, 1);
INSERT INTO seat values (19, 3, 'C', 1, 1);
INSERT INTO seat values (20, 3, 'D', 1, 1);
INSERT INTO seat values (21, 3, 'E', 1, 1);
INSERT INTO seat values (22, 3, 'F', 1, 1);
INSERT INTO seat values (23, 3, 'G', 1, 1);
INSERT INTO seat values (24, 3, 'H', 1, 1);
INSERT INTO seat values (25, 4, 'A', 1, 1);
INSERT INTO seat values (26, 4, 'B', 1, 1);
INSERT INTO seat values (27, 4, 'C', 1, 1);
INSERT INTO seat values (28, 4, 'D', 1, 1);
INSERT INTO seat values (29, 4, 'E', 1, 1);
INSERT INTO seat values (30, 4, 'F', 1, 1);
INSERT INTO seat values (31, 4, 'G', 1, 1);
INSERT INTO seat values (32, 4, 'H', 1, 1);
INSERT INTO seat values (33, 5, 'A', 1, 1);
INSERT INTO seat values (34, 5, 'B', 1, 1);
INSERT INTO seat values (35, 5, 'C', 1, 1);
INSERT INTO seat values (36, 5, 'D', 1, 1);
INSERT INTO seat values (37, 5, 'E', 1, 1);
INSERT INTO seat values (38, 5, 'F', 1, 1);
INSERT INTO seat values (39, 5, 'G', 1, 1);
INSERT INTO seat values (40, 5, 'H', 1, 1);
INSERT INTO seat values (41, 6, 'A', 1, 1);
INSERT INTO seat values (42, 6, 'B', 1, 1);
INSERT INTO seat values (43, 6, 'C', 1, 1);
INSERT INTO seat values (44, 6, 'D', 1, 1);
INSERT INTO seat values (45, 6, 'E', 1, 1);
INSERT INTO seat values (46, 6, 'F', 1, 1);
INSERT INTO seat values (47, 6, 'G', 1, 1);
INSERT INTO seat values (48, 6, 'H', 1, 1);
INSERT INTO seat values (49, 7, 'A', 1, 1);
INSERT INTO seat values (50, 7, 'B', 1, 1);
INSERT INTO seat values (51, 7, 'C', 1, 1);
INSERT INTO seat values (52, 7, 'D', 1, 1);
INSERT INTO seat values (53, 7, 'E', 1, 1);
INSERT INTO seat values (54, 7, 'F', 1, 1);
INSERT INTO seat values (55, 7, 'G', 1, 1);
INSERT INTO seat values (56, 7, 'H', 1, 1);
INSERT INTO seat values (57, 8, 'A', 1, 1);
INSERT INTO seat values (58, 8, 'B', 1, 1);
INSERT INTO seat values (59, 8, 'C', 1, 1);
INSERT INTO seat values (60, 8, 'D', 1, 1);
INSERT INTO seat values (61, 8, 'E', 1, 1);
INSERT INTO seat values (62, 8, 'F', 1, 1);
INSERT INTO seat values (63, 8, 'G', 1, 1);
INSERT INTO seat values (64, 8, 'H', 1, 1);
INSERT INTO seat values (65, 9, 'A', 2, 2);
INSERT INTO seat values (66, 9, 'B', 2, 2);
INSERT INTO seat values (67, 9, 'C', 2, 2);
INSERT INTO seat values (68, 9, 'D', 2, 2);
INSERT INTO seat values (69, 9, 'E', 2, 2);
INSERT INTO seat values (70, 9, 'F', 2, 2);
INSERT INTO seat values (71, 9, 'G', 2, 2);
INSERT INTO seat values (72, 9, 'H', 2, 2);
INSERT INTO seat values (73, 10, 'A', 2, 2);
INSERT INTO seat values (74, 10, 'B', 2, 2);
INSERT INTO seat values (75, 10, 'C', 2, 2);
INSERT INTO seat values (76, 10, 'D', 2, 2);
INSERT INTO seat values (77, 10, 'E', 2, 2);
INSERT INTO seat values (78, 10, 'F', 2, 2);
INSERT INTO seat values (79, 10, 'G', 2, 2);
INSERT INTO seat values (80, 10, 'H', 2, 2);
INSERT INTO seat values (81, 11, 'A', 2, 2);
INSERT INTO seat values (82, 11, 'B', 2, 2);
INSERT INTO seat values (83, 11, 'C', 2, 2);
INSERT INTO seat values (84, 11, 'D', 2, 2);
INSERT INTO seat values (85, 11, 'E', 2, 2);
INSERT INTO seat values (86, 11, 'F', 2, 2);
INSERT INTO seat values (87, 11, 'G', 2, 2);
INSERT INTO seat values (88, 11, 'H', 2, 2);
INSERT INTO seat values (89, 12, 'A', 2, 2);
INSERT INTO seat values (90, 12, 'B', 2, 2);
INSERT INTO seat values (91, 12, 'C', 2, 2);
INSERT INTO seat values (92, 12, 'D', 2, 2);
INSERT INTO seat values (93, 12, 'E', 2, 2);
INSERT INTO seat values (94, 12, 'F', 2, 2);
INSERT INTO seat values (95, 12, 'G', 2, 2);
INSERT INTO seat values (96, 12, 'H', 2, 2);
INSERT INTO seat values (97, 13, 'A', 2, 2);
INSERT INTO seat values (98, 13, 'B', 2, 2);
INSERT INTO seat values (99, 13, 'C', 2, 2);
INSERT INTO seat values (100, 13, 'D', 2, 2);
INSERT INTO seat values (101, 13, 'E', 2, 2);
INSERT INTO seat values (102, 13, 'F', 2, 2);
INSERT INTO seat values (103, 13, 'G', 2, 2);
INSERT INTO seat values (104, 13, 'H', 2, 2);
INSERT INTO seat values (105, 14, 'A', 2, 2);
INSERT INTO seat values (106, 14, 'B', 2, 2);
INSERT INTO seat values (107, 14, 'C', 2, 2);
INSERT INTO seat values (108, 14, 'D', 2, 2);
INSERT INTO seat values (109, 14, 'E', 2, 2);
INSERT INTO seat values (110, 14, 'F', 2, 2);
INSERT INTO seat values (111, 14, 'G', 2, 2);
INSERT INTO seat values (112, 14, 'H', 2, 2);
INSERT INTO seat values (113, 15, 'A', 2, 2);
INSERT INTO seat values (114, 15, 'B', 2, 2);
INSERT INTO seat values (115, 15, 'C', 2, 2);
INSERT INTO seat values (116, 15, 'D', 2, 2);
INSERT INTO seat values (117, 15, 'E', 2, 2);
INSERT INTO seat values (118, 15, 'F', 2, 2);
INSERT INTO seat values (119, 15, 'G', 2, 2);
INSERT INTO seat values (120, 15, 'H', 2, 2);
INSERT INTO seat values (121, 16, 'A', 2, 2);
INSERT INTO seat values (122, 16, 'B', 2, 2);
INSERT INTO seat values (123, 16, 'C', 2, 2);
INSERT INTO seat values (124, 16, 'D', 2, 2);
INSERT INTO seat values (125, 16, 'E', 2, 2);
INSERT INTO seat values (126, 16, 'F', 2, 2);
INSERT INTO seat values (127, 16, 'G', 2, 2);
INSERT INTO seat values (128, 16, 'H', 2, 2);
INSERT INTO seat values (129, 9, 'I', 2, 3);
INSERT INTO seat values (130, 9, 'J', 2, 3);
INSERT INTO seat values (131, 9, 'K', 2, 3);
INSERT INTO seat values (132, 9, 'L', 2, 3);
INSERT INTO seat values (133, 9, 'M', 2, 3);
INSERT INTO seat values (134, 9, 'N', 2, 3);
INSERT INTO seat values (135, 9, 'O', 2, 3);
INSERT INTO seat values (136, 9, 'P', 2, 3);
INSERT INTO seat values (137, 10, 'I', 2, 3);
INSERT INTO seat values (138, 10, 'J', 2, 3);
INSERT INTO seat values (139, 10, 'K', 2, 3);
INSERT INTO seat values (140, 10, 'L', 2, 3);
INSERT INTO seat values (141, 10, 'M', 2, 3);
INSERT INTO seat values (142, 10, 'N', 2, 3);
INSERT INTO seat values (143, 10, 'O', 2, 3);
INSERT INTO seat values (144, 10, 'P', 2, 3);
INSERT INTO seat values (145, 11, 'I', 2, 3);
INSERT INTO seat values (146, 11, 'J', 2, 3);
INSERT INTO seat values (147, 11, 'K', 2, 3);
INSERT INTO seat values (148, 11, 'L', 2, 3);
INSERT INTO seat values (149, 11, 'M', 2, 3);
INSERT INTO seat values (150, 11, 'N', 2, 3);
INSERT INTO seat values (151, 11, 'O', 2, 3);
INSERT INTO seat values (152, 11, 'P', 2, 3);
INSERT INTO seat values (153, 12, 'I', 2, 3);
INSERT INTO seat values (154, 12, 'J', 2, 3);
INSERT INTO seat values (155, 12, 'K', 2, 3);
INSERT INTO seat values (156, 12, 'L', 2, 3);
INSERT INTO seat values (157, 12, 'M', 2, 3);
INSERT INTO seat values (158, 12, 'N', 2, 3);
INSERT INTO seat values (159, 12, 'O', 2, 3);
INSERT INTO seat values (160, 12, 'P', 2, 3);
INSERT INTO seat values (161, 13, 'I', 2, 3);
INSERT INTO seat values (162, 13, 'J', 2, 3);
INSERT INTO seat values (163, 13, 'K', 2, 3);
INSERT INTO seat values (164, 13, 'L', 2, 3);
INSERT INTO seat values (165, 13, 'M', 2, 3);
INSERT INTO seat values (166, 13, 'N', 2, 3);
INSERT INTO seat values (167, 13, 'O', 2, 3);
INSERT INTO seat values (168, 13, 'P', 2, 3);
INSERT INTO seat values (169, 14, 'I', 2, 3);
INSERT INTO seat values (170, 14, 'J', 2, 3);
INSERT INTO seat values (171, 14, 'K', 2, 3);
INSERT INTO seat values (172, 14, 'L', 2, 3);
INSERT INTO seat values (173, 14, 'M', 2, 3);
INSERT INTO seat values (174, 14, 'N', 2, 3);
INSERT INTO seat values (175, 14, 'O', 2, 3);
INSERT INTO seat values (176, 14, 'P', 2, 3);
INSERT INTO seat values (177, 15, 'I', 2, 3);
INSERT INTO seat values (178, 15, 'J', 2, 3);
INSERT INTO seat values (179, 15, 'K', 2, 3);
INSERT INTO seat values (180, 15, 'L', 2, 3);
INSERT INTO seat values (181, 15, 'M', 2, 3);
INSERT INTO seat values (182, 15, 'N', 2, 3);
INSERT INTO seat values (183, 15, 'O', 2, 3);
INSERT INTO seat values (184, 15, 'P', 2, 3);
INSERT INTO seat values (185, 16, 'I', 2, 3);
INSERT INTO seat values (186, 16, 'J', 2, 3);
INSERT INTO seat values (187, 16, 'K', 2, 3);
INSERT INTO seat values (188, 16, 'L', 2, 3);
INSERT INTO seat values (189, 16, 'M', 2, 3);
INSERT INTO seat values (190, 16, 'N', 2, 3);
INSERT INTO seat values (191, 16, 'O', 2, 3);
INSERT INTO seat values (192, 16, 'P', 2, 3);
INSERT INTO seat values (193, 17, 'I', 2, 4);
INSERT INTO seat values (194, 17, 'J', 2, 4);
INSERT INTO seat values (195, 17, 'K', 2, 4);
INSERT INTO seat values (196, 17, 'L', 2, 4);
INSERT INTO seat values (197, 17, 'M', 2, 4);
INSERT INTO seat values (198, 17, 'N', 2, 4);
INSERT INTO seat values (199, 17, 'O', 2, 4);
INSERT INTO seat values (200, 17, 'P', 2, 4);
INSERT INTO seat values (201, 18, 'I', 2, 4);
INSERT INTO seat values (202, 18, 'J', 2, 4);
INSERT INTO seat values (203, 18, 'K', 2, 4);
INSERT INTO seat values (204, 18, 'L', 2, 4);
INSERT INTO seat values (205, 18, 'M', 2, 4);
INSERT INTO seat values (206, 18, 'N', 2, 4);
INSERT INTO seat values (207, 18, 'O', 2, 4);
INSERT INTO seat values (208, 18, 'P', 2, 4);
INSERT INTO seat values (209, 19, 'I', 2, 4);
INSERT INTO seat values (210, 19, 'J', 2, 4);
INSERT INTO seat values (211, 19, 'K', 2, 4);
INSERT INTO seat values (212, 19, 'L', 2, 4);
INSERT INTO seat values (213, 19, 'M', 2, 4);
INSERT INTO seat values (214, 19, 'N', 2, 4);
INSERT INTO seat values (215, 19, 'O', 2, 4);
INSERT INTO seat values (216, 19, 'P', 2, 4);
INSERT INTO seat values (217, 20, 'I', 2, 4);
INSERT INTO seat values (218, 20, 'J', 2, 4);
INSERT INTO seat values (219, 20, 'K', 2, 4);
INSERT INTO seat values (220, 20, 'L', 2, 4);
INSERT INTO seat values (221, 20, 'M', 2, 4);
INSERT INTO seat values (222, 20, 'N', 2, 4);
INSERT INTO seat values (223, 20, 'O', 2, 4);
INSERT INTO seat values (224, 20, 'P', 2, 4);
INSERT INTO seat values (225, 21, 'I', 2, 4);
INSERT INTO seat values (226, 21, 'J', 2, 4);
INSERT INTO seat values (227, 21, 'K', 2, 4);
INSERT INTO seat values (228, 21, 'L', 2, 4);
INSERT INTO seat values (229, 21, 'M', 2, 4);
INSERT INTO seat values (230, 21, 'N', 2, 4);
INSERT INTO seat values (231, 21, 'O', 2, 4);
INSERT INTO seat values (232, 21, 'P', 2, 4);
INSERT INTO seat values (233, 22, 'I', 2, 4);
INSERT INTO seat values (234, 22, 'J', 2, 4);
INSERT INTO seat values (235, 22, 'K', 2, 4);
INSERT INTO seat values (236, 22, 'L', 2, 4);
INSERT INTO seat values (237, 22, 'M', 2, 4);
INSERT INTO seat values (238, 22, 'N', 2, 4);
INSERT INTO seat values (239, 22, 'O', 2, 4);
INSERT INTO seat values (240, 22, 'P', 2, 4);
INSERT INTO seat values (241, 23, 'I', 2, 4);
INSERT INTO seat values (242, 23, 'J', 2, 4);
INSERT INTO seat values (243, 23, 'K', 2, 4);
INSERT INTO seat values (244, 23, 'L', 2, 4);
INSERT INTO seat values (245, 23, 'M', 2, 4);
INSERT INTO seat values (246, 23, 'N', 2, 4);
INSERT INTO seat values (247, 23, 'O', 2, 4);
INSERT INTO seat values (248, 23, 'P', 2, 4);
INSERT INTO seat values (249, 24, 'I', 2, 4);
INSERT INTO seat values (250, 24, 'J', 2, 4);
INSERT INTO seat values (251, 24, 'K', 2, 4);
INSERT INTO seat values (252, 24, 'L', 2, 4);
INSERT INTO seat values (253, 24, 'M', 2, 4);
INSERT INTO seat values (254, 24, 'N', 2, 4);
INSERT INTO seat values (255, 24, 'O', 2, 4);
INSERT INTO seat values (256, 24, 'P', 2, 4);
INSERT INTO seat values (257, 1, 'A', 2, 5);
INSERT INTO seat values (258, 1, 'B', 2, 5);
INSERT INTO seat values (259, 1, 'C', 2, 5);
INSERT INTO seat values (260, 1, 'D', 2, 5);
INSERT INTO seat values (261, 1, 'E', 2, 5);
INSERT INTO seat values (262, 1, 'F', 2, 5);
INSERT INTO seat values (263, 1, 'G', 2, 5);
INSERT INTO seat values (264, 1, 'H', 2, 5);
INSERT INTO seat values (265, 1, 'I', 2, 5);
INSERT INTO seat values (266, 1, 'J', 2, 5);
INSERT INTO seat values (267, 2, 'A', 2, 5);
INSERT INTO seat values (268, 2, 'B', 2, 5);
INSERT INTO seat values (269, 2, 'C', 2, 5);
INSERT INTO seat values (270, 2, 'D', 2, 5);
INSERT INTO seat values (271, 2, 'E', 2, 5);
INSERT INTO seat values (272, 2, 'F', 2, 5);
INSERT INTO seat values (273, 2, 'G', 2, 5);
INSERT INTO seat values (274, 2, 'H', 2, 5);
INSERT INTO seat values (275, 2, 'I', 2, 5);
INSERT INTO seat values (276, 2, 'J', 2, 5);
INSERT INTO seat values (277, 3, 'A', 2, 5);
INSERT INTO seat values (278, 3, 'B', 2, 5);
INSERT INTO seat values (279, 3, 'C', 2, 5);
INSERT INTO seat values (280, 3, 'D', 2, 5);
INSERT INTO seat values (281, 3, 'E', 2, 5);
INSERT INTO seat values (282, 3, 'F', 2, 5);
INSERT INTO seat values (283, 3, 'G', 2, 5);
INSERT INTO seat values (284, 3, 'H', 2, 5);
INSERT INTO seat values (285, 3, 'I', 2, 5);
INSERT INTO seat values (286, 3, 'J', 2, 5);
INSERT INTO seat values (287, 4, 'A', 2, 5);
INSERT INTO seat values (288, 4, 'B', 2, 5);
INSERT INTO seat values (289, 4, 'C', 2, 5);
INSERT INTO seat values (290, 4, 'D', 2, 5);
INSERT INTO seat values (291, 4, 'E', 2, 5);
INSERT INTO seat values (292, 4, 'F', 2, 5);
INSERT INTO seat values (293, 4, 'G', 2, 5);
INSERT INTO seat values (294, 4, 'H', 2, 5);
INSERT INTO seat values (295, 4, 'I', 2, 5);
INSERT INTO seat values (296, 4, 'J', 2, 5);
INSERT INTO seat values (297, 5, 'A', 2, 5);
INSERT INTO seat values (298, 5, 'B', 2, 5);
INSERT INTO seat values (299, 5, 'C', 2, 5);
INSERT INTO seat values (300, 5, 'D', 2, 5);
INSERT INTO seat values (301, 5, 'E', 2, 5);
INSERT INTO seat values (302, 5, 'F', 2, 5);
INSERT INTO seat values (303, 5, 'G', 2, 5);
INSERT INTO seat values (304, 5, 'H', 2, 5);
INSERT INTO seat values (305, 5, 'I', 2, 5);
INSERT INTO seat values (306, 5, 'J', 2, 5);
INSERT INTO seat values (307, 6, 'A', 2, 5);
INSERT INTO seat values (308, 6, 'B', 2, 5);
INSERT INTO seat values (309, 6, 'C', 2, 5);
INSERT INTO seat values (310, 6, 'D', 2, 5);
INSERT INTO seat values (311, 6, 'E', 2, 5);
INSERT INTO seat values (312, 6, 'F', 2, 5);
INSERT INTO seat values (313, 6, 'G', 2, 5);
INSERT INTO seat values (314, 6, 'H', 2, 5);
INSERT INTO seat values (315, 6, 'I', 2, 5);
INSERT INTO seat values (316, 6, 'J', 2, 5);
INSERT INTO seat values (317, 7, 'A', 2, 5);
INSERT INTO seat values (318, 7, 'B', 2, 5);
INSERT INTO seat values (319, 7, 'C', 2, 5);
INSERT INTO seat values (320, 7, 'D', 2, 5);
INSERT INTO seat values (321, 7, 'E', 2, 5);
INSERT INTO seat values (322, 7, 'F', 2, 5);
INSERT INTO seat values (323, 7, 'G', 2, 5);
INSERT INTO seat values (324, 7, 'H', 2, 5);
INSERT INTO seat values (325, 7, 'I', 2, 5);
INSERT INTO seat values (326, 7, 'J', 2, 5);
INSERT INTO seat values (327, 8, 'A', 2, 5);
INSERT INTO seat values (328, 8, 'B', 2, 5);
INSERT INTO seat values (329, 8, 'C', 2, 5);
INSERT INTO seat values (330, 8, 'D', 2, 5);
INSERT INTO seat values (331, 8, 'E', 2, 5);
INSERT INTO seat values (332, 8, 'F', 2, 5);
INSERT INTO seat values (333, 8, 'G', 2, 5);
INSERT INTO seat values (334, 8, 'H', 2, 5);
INSERT INTO seat values (335, 8, 'I', 2, 5);
INSERT INTO seat values (336, 8, 'J', 2, 5);
INSERT INTO seat values (337, 9, 'A', 2, 5);
INSERT INTO seat values (338, 9, 'B', 2, 5);
INSERT INTO seat values (339, 9, 'C', 2, 5);
INSERT INTO seat values (340, 9, 'D', 2, 5);
INSERT INTO seat values (341, 9, 'E', 2, 5);
INSERT INTO seat values (342, 9, 'F', 2, 5);
INSERT INTO seat values (343, 9, 'G', 2, 5);
INSERT INTO seat values (344, 9, 'H', 2, 5);
INSERT INTO seat values (345, 9, 'I', 2, 5);
INSERT INTO seat values (346, 9, 'J', 2, 5);
INSERT INTO seat values (347, 10, 'A', 2, 5);
INSERT INTO seat values (348, 10, 'B', 2, 5);
INSERT INTO seat values (349, 10, 'C', 2, 5);
INSERT INTO seat values (350, 10, 'D', 2, 5);
INSERT INTO seat values (351, 10, 'E', 2, 5);
INSERT INTO seat values (352, 10, 'F', 2, 5);
INSERT INTO seat values (353, 10, 'G', 2, 5);
INSERT INTO seat values (354, 10, 'H', 2, 5);
INSERT INTO seat values (355, 10, 'I', 2, 5);
INSERT INTO seat values (356, 10, 'J', 2, 5);
INSERT INTO seat values (357, 11, 'A', 2, 6);
INSERT INTO seat values (358, 11, 'B', 2, 6);
INSERT INTO seat values (359, 11, 'C', 2, 6);
INSERT INTO seat values (360, 11, 'D', 2, 6);
INSERT INTO seat values (361, 11, 'E', 2, 6);
INSERT INTO seat values (362, 11, 'F', 2, 6);
INSERT INTO seat values (363, 11, 'G', 2, 6);
INSERT INTO seat values (364, 11, 'H', 2, 6);
INSERT INTO seat values (365, 11, 'I', 2, 6);
INSERT INTO seat values (366, 11, 'J', 2, 6);
INSERT INTO seat values (367, 12, 'A', 2, 6);
INSERT INTO seat values (368, 12, 'B', 2, 6);
INSERT INTO seat values (369, 12, 'C', 2, 6);
INSERT INTO seat values (370, 12, 'D', 2, 6);
INSERT INTO seat values (371, 12, 'E', 2, 6);
INSERT INTO seat values (372, 12, 'F', 2, 6);
INSERT INTO seat values (373, 12, 'G', 2, 6);
INSERT INTO seat values (374, 12, 'H', 2, 6);
INSERT INTO seat values (375, 12, 'I', 2, 6);
INSERT INTO seat values (376, 12, 'J', 2, 6);
INSERT INTO seat values (377, 13, 'A', 2, 6);
INSERT INTO seat values (378, 13, 'B', 2, 6);
INSERT INTO seat values (379, 13, 'C', 2, 6);
INSERT INTO seat values (380, 13, 'D', 2, 6);
INSERT INTO seat values (381, 13, 'E', 2, 6);
INSERT INTO seat values (382, 13, 'F', 2, 6);
INSERT INTO seat values (383, 13, 'G', 2, 6);
INSERT INTO seat values (384, 13, 'H', 2, 6);
INSERT INTO seat values (385, 13, 'I', 2, 6);
INSERT INTO seat values (386, 13, 'J', 2, 6);
INSERT INTO seat values (387, 14, 'A', 2, 6);
INSERT INTO seat values (388, 14, 'B', 2, 6);
INSERT INTO seat values (389, 14, 'C', 2, 6);
INSERT INTO seat values (390, 14, 'D', 2, 6);
INSERT INTO seat values (391, 14, 'E', 2, 6);
INSERT INTO seat values (392, 14, 'F', 2, 6);
INSERT INTO seat values (393, 14, 'G', 2, 6);
INSERT INTO seat values (394, 14, 'H', 2, 6);
INSERT INTO seat values (395, 14, 'I', 2, 6);
INSERT INTO seat values (396, 14, 'J', 2, 6);
INSERT INTO seat values (397, 15, 'A', 2, 6);
INSERT INTO seat values (398, 15, 'B', 2, 6);
INSERT INTO seat values (399, 15, 'C', 2, 6);
INSERT INTO seat values (400, 15, 'D', 2, 6);
INSERT INTO seat values (401, 15, 'E', 2, 6);
INSERT INTO seat values (402, 15, 'F', 2, 6);
INSERT INTO seat values (403, 15, 'G', 2, 6);
INSERT INTO seat values (404, 15, 'H', 2, 6);
INSERT INTO seat values (405, 15, 'I', 2, 6);
INSERT INTO seat values (406, 15, 'J', 2, 6);
INSERT INTO seat values (407, 16, 'A', 2, 6);
INSERT INTO seat values (408, 16, 'B', 2, 6);
INSERT INTO seat values (409, 16, 'C', 2, 6);
INSERT INTO seat values (410, 16, 'D', 2, 6);
INSERT INTO seat values (411, 16, 'E', 2, 6);
INSERT INTO seat values (412, 16, 'F', 2, 6);
INSERT INTO seat values (413, 16, 'G', 2, 6);
INSERT INTO seat values (414, 16, 'H', 2, 6);
INSERT INTO seat values (415, 16, 'I', 2, 6);
INSERT INTO seat values (416, 16, 'J', 2, 6);
INSERT INTO seat values (417, 17, 'A', 2, 6);
INSERT INTO seat values (418, 17, 'B', 2, 6);
INSERT INTO seat values (419, 17, 'C', 2, 6);
INSERT INTO seat values (420, 17, 'D', 2, 6);
INSERT INTO seat values (421, 17, 'E', 2, 6);
INSERT INTO seat values (422, 17, 'F', 2, 6);
INSERT INTO seat values (423, 17, 'G', 2, 6);
INSERT INTO seat values (424, 17, 'H', 2, 6);
INSERT INTO seat values (425, 17, 'I', 2, 6);
INSERT INTO seat values (426, 17, 'J', 2, 6);
INSERT INTO seat values (427, 18, 'A', 2, 6);
INSERT INTO seat values (428, 18, 'B', 2, 6);
INSERT INTO seat values (429, 18, 'C', 2, 6);
INSERT INTO seat values (430, 18, 'D', 2, 6);
INSERT INTO seat values (431, 18, 'E', 2, 6);
INSERT INTO seat values (432, 18, 'F', 2, 6);
INSERT INTO seat values (433, 18, 'G', 2, 6);
INSERT INTO seat values (434, 18, 'H', 2, 6);
INSERT INTO seat values (435, 18, 'I', 2, 6);
INSERT INTO seat values (436, 18, 'J', 2, 6);
INSERT INTO seat values (437, 19, 'A', 2, 6);
INSERT INTO seat values (438, 19, 'B', 2, 6);
INSERT INTO seat values (439, 19, 'C', 2, 6);
INSERT INTO seat values (440, 19, 'D', 2, 6);
INSERT INTO seat values (441, 19, 'E', 2, 6);
INSERT INTO seat values (442, 19, 'F', 2, 6);
INSERT INTO seat values (443, 19, 'G', 2, 6);
INSERT INTO seat values (444, 19, 'H', 2, 6);
INSERT INTO seat values (445, 19, 'I', 2, 6);
INSERT INTO seat values (446, 19, 'J', 2, 6);
INSERT INTO seat values (447, 20, 'A', 2, 6);
INSERT INTO seat values (448, 20, 'B', 2, 6);
INSERT INTO seat values (449, 20, 'C', 2, 6);
INSERT INTO seat values (450, 20, 'D', 2, 6);
INSERT INTO seat values (451, 20, 'E', 2, 6);
INSERT INTO seat values (452, 20, 'F', 2, 6);
INSERT INTO seat values (453, 20, 'G', 2, 6);
INSERT INTO seat values (454, 20, 'H', 2, 6);
INSERT INTO seat values (455, 20, 'I', 2, 6);
INSERT INTO seat values (456, 20, 'J', 2, 6);
INSERT INTO seat values (457, 1, 'K', 2, 7);
INSERT INTO seat values (458, 1, 'L', 2, 7);
INSERT INTO seat values (459, 1, 'M', 2, 7);
INSERT INTO seat values (460, 1, 'N', 2, 7);
INSERT INTO seat values (461, 1, 'O', 2, 7);
INSERT INTO seat values (462, 1, 'P', 2, 7);
INSERT INTO seat values (463, 1, 'Q', 2, 7);
INSERT INTO seat values (464, 1, 'R', 2, 7);
INSERT INTO seat values (465, 1, 'S', 2, 7);
INSERT INTO seat values (466, 1, 'T', 2, 7);
INSERT INTO seat values (467, 2, 'K', 2, 7);
INSERT INTO seat values (468, 2, 'L', 2, 7);
INSERT INTO seat values (469, 2, 'M', 2, 7);
INSERT INTO seat values (470, 2, 'N', 2, 7);
INSERT INTO seat values (471, 2, 'O', 2, 7);
INSERT INTO seat values (472, 2, 'P', 2, 7);
INSERT INTO seat values (473, 2, 'Q', 2, 7);
INSERT INTO seat values (474, 2, 'R', 2, 7);
INSERT INTO seat values (475, 2, 'S', 2, 7);
INSERT INTO seat values (476, 2, 'T', 2, 7);
INSERT INTO seat values (477, 3, 'K', 2, 7);
INSERT INTO seat values (478, 3, 'L', 2, 7);
INSERT INTO seat values (479, 3, 'M', 2, 7);
INSERT INTO seat values (480, 3, 'N', 2, 7);
INSERT INTO seat values (481, 3, 'O', 2, 7);
INSERT INTO seat values (482, 3, 'P', 2, 7);
INSERT INTO seat values (483, 3, 'Q', 2, 7);
INSERT INTO seat values (484, 3, 'R', 2, 7);
INSERT INTO seat values (485, 3, 'S', 2, 7);
INSERT INTO seat values (486, 3, 'T', 2, 7);
INSERT INTO seat values (487, 4, 'K', 2, 7);
INSERT INTO seat values (488, 4, 'L', 2, 7);
INSERT INTO seat values (489, 4, 'M', 2, 7);
INSERT INTO seat values (490, 4, 'N', 2, 7);
INSERT INTO seat values (491, 4, 'O', 2, 7);
INSERT INTO seat values (492, 4, 'P', 2, 7);
INSERT INTO seat values (493, 4, 'Q', 2, 7);
INSERT INTO seat values (494, 4, 'R', 2, 7);
INSERT INTO seat values (495, 4, 'S', 2, 7);
INSERT INTO seat values (496, 4, 'T', 2, 7);
INSERT INTO seat values (497, 5, 'K', 2, 7);
INSERT INTO seat values (498, 5, 'L', 2, 7);
INSERT INTO seat values (499, 5, 'M', 2, 7);
INSERT INTO seat values (500, 5, 'N', 2, 7);
INSERT INTO seat values (501, 5, 'O', 2, 7);
INSERT INTO seat values (502, 5, 'P', 2, 7);
INSERT INTO seat values (503, 5, 'Q', 2, 7);
INSERT INTO seat values (504, 5, 'R', 2, 7);
INSERT INTO seat values (505, 5, 'S', 2, 7);
INSERT INTO seat values (506, 5, 'T', 2, 7);
INSERT INTO seat values (507, 6, 'K', 2, 7);
INSERT INTO seat values (508, 6, 'L', 2, 7);
INSERT INTO seat values (509, 6, 'M', 2, 7);
INSERT INTO seat values (510, 6, 'N', 2, 7);
INSERT INTO seat values (511, 6, 'O', 2, 7);
INSERT INTO seat values (512, 6, 'P', 2, 7);
INSERT INTO seat values (513, 6, 'Q', 2, 7);
INSERT INTO seat values (514, 6, 'R', 2, 7);
INSERT INTO seat values (515, 6, 'S', 2, 7);
INSERT INTO seat values (516, 6, 'T', 2, 7);
INSERT INTO seat values (517, 7, 'K', 2, 7);
INSERT INTO seat values (518, 7, 'L', 2, 7);
INSERT INTO seat values (519, 7, 'M', 2, 7);
INSERT INTO seat values (520, 7, 'N', 2, 7);
INSERT INTO seat values (521, 7, 'O', 2, 7);
INSERT INTO seat values (522, 7, 'P', 2, 7);
INSERT INTO seat values (523, 7, 'Q', 2, 7);
INSERT INTO seat values (524, 7, 'R', 2, 7);
INSERT INTO seat values (525, 7, 'S', 2, 7);
INSERT INTO seat values (526, 7, 'T', 2, 7);
INSERT INTO seat values (527, 8, 'K', 2, 7);
INSERT INTO seat values (528, 8, 'L', 2, 7);
INSERT INTO seat values (529, 8, 'M', 2, 7);
INSERT INTO seat values (530, 8, 'N', 2, 7);
INSERT INTO seat values (531, 8, 'O', 2, 7);
INSERT INTO seat values (532, 8, 'P', 2, 7);
INSERT INTO seat values (533, 8, 'Q', 2, 7);
INSERT INTO seat values (534, 8, 'R', 2, 7);
INSERT INTO seat values (535, 8, 'S', 2, 7);
INSERT INTO seat values (536, 8, 'T', 2, 7);
INSERT INTO seat values (537, 9, 'K', 2, 7);
INSERT INTO seat values (538, 9, 'L', 2, 7);
INSERT INTO seat values (539, 9, 'M', 2, 7);
INSERT INTO seat values (540, 9, 'N', 2, 7);
INSERT INTO seat values (541, 9, 'O', 2, 7);
INSERT INTO seat values (542, 9, 'P', 2, 7);
INSERT INTO seat values (543, 9, 'Q', 2, 7);
INSERT INTO seat values (544, 9, 'R', 2, 7);
INSERT INTO seat values (545, 9, 'S', 2, 7);
INSERT INTO seat values (546, 9, 'T', 2, 7);
INSERT INTO seat values (547, 10, 'K', 2, 7);
INSERT INTO seat values (548, 10, 'L', 2, 7);
INSERT INTO seat values (549, 10, 'M', 2, 7);
INSERT INTO seat values (550, 10, 'N', 2, 7);
INSERT INTO seat values (551, 10, 'O', 2, 7);
INSERT INTO seat values (552, 10, 'P', 2, 7);
INSERT INTO seat values (553, 10, 'Q', 2, 7);
INSERT INTO seat values (554, 10, 'R', 2, 7);
INSERT INTO seat values (555, 10, 'S', 2, 7);
INSERT INTO seat values (556, 10, 'T', 2, 7);
INSERT INTO seat values (557, 11, 'K', 2, 8);
INSERT INTO seat values (558, 11, 'L', 2, 8);
INSERT INTO seat values (559, 11, 'M', 2, 8);
INSERT INTO seat values (560, 11, 'N', 2, 8);
INSERT INTO seat values (561, 11, 'O', 2, 8);
INSERT INTO seat values (562, 11, 'P', 2, 8);
INSERT INTO seat values (563, 11, 'Q', 2, 8);
INSERT INTO seat values (564, 11, 'R', 2, 8);
INSERT INTO seat values (565, 11, 'S', 2, 8);
INSERT INTO seat values (566, 11, 'T', 2, 8);
INSERT INTO seat values (567, 12, 'K', 2, 8);
INSERT INTO seat values (568, 12, 'L', 2, 8);
INSERT INTO seat values (569, 12, 'M', 2, 8);
INSERT INTO seat values (570, 12, 'N', 2, 8);
INSERT INTO seat values (571, 12, 'O', 2, 8);
INSERT INTO seat values (572, 12, 'P', 2, 8);
INSERT INTO seat values (573, 12, 'Q', 2, 8);
INSERT INTO seat values (574, 12, 'R', 2, 8);
INSERT INTO seat values (575, 12, 'S', 2, 8);
INSERT INTO seat values (576, 12, 'T', 2, 8);
INSERT INTO seat values (577, 13, 'K', 2, 8);
INSERT INTO seat values (578, 13, 'L', 2, 8);
INSERT INTO seat values (579, 13, 'M', 2, 8);
INSERT INTO seat values (580, 13, 'N', 2, 8);
INSERT INTO seat values (581, 13, 'O', 2, 8);
INSERT INTO seat values (582, 13, 'P', 2, 8);
INSERT INTO seat values (583, 13, 'Q', 2, 8);
INSERT INTO seat values (584, 13, 'R', 2, 8);
INSERT INTO seat values (585, 13, 'S', 2, 8);
INSERT INTO seat values (586, 13, 'T', 2, 8);
INSERT INTO seat values (587, 14, 'K', 2, 8);
INSERT INTO seat values (588, 14, 'L', 2, 8);
INSERT INTO seat values (589, 14, 'M', 2, 8);
INSERT INTO seat values (590, 14, 'N', 2, 8);
INSERT INTO seat values (591, 14, 'O', 2, 8);
INSERT INTO seat values (592, 14, 'P', 2, 8);
INSERT INTO seat values (593, 14, 'Q', 2, 8);
INSERT INTO seat values (594, 14, 'R', 2, 8);
INSERT INTO seat values (595, 14, 'S', 2, 8);
INSERT INTO seat values (596, 14, 'T', 2, 8);
INSERT INTO seat values (597, 15, 'K', 2, 8);
INSERT INTO seat values (598, 15, 'L', 2, 8);
INSERT INTO seat values (599, 15, 'M', 2, 8);
INSERT INTO seat values (600, 15, 'N', 2, 8);
INSERT INTO seat values (601, 15, 'O', 2, 8);
INSERT INTO seat values (602, 15, 'P', 2, 8);
INSERT INTO seat values (603, 15, 'Q', 2, 8);
INSERT INTO seat values (604, 15, 'R', 2, 8);
INSERT INTO seat values (605, 15, 'S', 2, 8);
INSERT INTO seat values (606, 15, 'T', 2, 8);
INSERT INTO seat values (607, 16, 'K', 2, 8);
INSERT INTO seat values (608, 16, 'L', 2, 8);
INSERT INTO seat values (609, 16, 'M', 2, 8);
INSERT INTO seat values (610, 16, 'N', 2, 8);
INSERT INTO seat values (611, 16, 'O', 2, 8);
INSERT INTO seat values (612, 16, 'P', 2, 8);
INSERT INTO seat values (613, 16, 'Q', 2, 8);
INSERT INTO seat values (614, 16, 'R', 2, 8);
INSERT INTO seat values (615, 16, 'S', 2, 8);
INSERT INTO seat values (616, 16, 'T', 2, 8);
INSERT INTO seat values (617, 17, 'K', 2, 8);
INSERT INTO seat values (618, 17, 'L', 2, 8);
INSERT INTO seat values (619, 17, 'M', 2, 8);
INSERT INTO seat values (620, 17, 'N', 2, 8);
INSERT INTO seat values (621, 17, 'O', 2, 8);
INSERT INTO seat values (622, 17, 'P', 2, 8);
INSERT INTO seat values (623, 17, 'Q', 2, 8);
INSERT INTO seat values (624, 17, 'R', 2, 8);
INSERT INTO seat values (625, 17, 'S', 2, 8);
INSERT INTO seat values (626, 17, 'T', 2, 8);
INSERT INTO seat values (627, 18, 'K', 2, 8);
INSERT INTO seat values (628, 18, 'L', 2, 8);
INSERT INTO seat values (629, 18, 'M', 2, 8);
INSERT INTO seat values (630, 18, 'N', 2, 8);
INSERT INTO seat values (631, 18, 'O', 2, 8);
INSERT INTO seat values (632, 18, 'P', 2, 8);
INSERT INTO seat values (633, 18, 'Q', 2, 8);
INSERT INTO seat values (634, 18, 'R', 2, 8);
INSERT INTO seat values (635, 18, 'S', 2, 8);
INSERT INTO seat values (636, 18, 'T', 2, 8);
INSERT INTO seat values (637, 19, 'K', 2, 8);
INSERT INTO seat values (638, 19, 'L', 2, 8);
INSERT INTO seat values (639, 19, 'M', 2, 8);
INSERT INTO seat values (640, 19, 'N', 2, 8);
INSERT INTO seat values (641, 19, 'O', 2, 8);
INSERT INTO seat values (642, 19, 'P', 2, 8);
INSERT INTO seat values (643, 19, 'Q', 2, 8);
INSERT INTO seat values (644, 19, 'R', 2, 8);
INSERT INTO seat values (645, 19, 'S', 2, 8);
INSERT INTO seat values (646, 19, 'T', 2, 8);
INSERT INTO seat values (647, 20, 'K', 2, 8);
INSERT INTO seat values (648, 20, 'L', 2, 8);
INSERT INTO seat values (649, 20, 'M', 2, 8);
INSERT INTO seat values (650, 20, 'N', 2, 8);
INSERT INTO seat values (651, 20, 'O', 2, 8);
INSERT INTO seat values (652, 20, 'P', 2, 8);
INSERT INTO seat values (653, 20, 'Q', 2, 8);
INSERT INTO seat values (654, 20, 'R', 2, 8);
INSERT INTO seat values (655, 20, 'S', 2, 8);
INSERT INTO seat values (656, 20, 'T', 2, 8);
INSERT INTO seat values (657, 1, 'A', 2, 9);
INSERT INTO seat values (658, 1, 'B', 2, 9);
INSERT INTO seat values (659, 1, 'C', 2, 9);
INSERT INTO seat values (660, 1, 'D', 2, 9);
INSERT INTO seat values (661, 1, 'E', 2, 9);
INSERT INTO seat values (662, 1, 'F', 2, 9);
INSERT INTO seat values (663, 1, 'T', 2, 9);
INSERT INTO seat values (664, 1, 'H', 2, 9);
INSERT INTO seat values (665, 1, 'I', 2, 9);
INSERT INTO seat values (666, 1, 'J', 2, 9);
INSERT INTO seat values (667, 1, 'K', 2, 9);
INSERT INTO seat values (668, 1, 'L', 2, 9);
INSERT INTO seat values (669, 1, 'M', 2, 9);
INSERT INTO seat values (670, 1, 'N', 2, 9);
INSERT INTO seat values (671, 1, 'O', 2, 9);
INSERT INTO seat values (672, 1, 'P', 2, 9);
INSERT INTO seat values (673, 1, 'Q', 2, 9);
INSERT INTO seat values (674, 1, 'R', 2, 9);
INSERT INTO seat values (675, 1, 'S', 2, 9);
INSERT INTO seat values (676, 1, 'T', 2, 9);
INSERT INTO seat values (677, 2, 'A', 2, 9);
INSERT INTO seat values (678, 2, 'B', 2, 9);
INSERT INTO seat values (679, 2, 'C', 2, 9);
INSERT INTO seat values (680, 2, 'D', 2, 9);
INSERT INTO seat values (681, 2, 'E', 2, 9);
INSERT INTO seat values (682, 2, 'F', 2, 9);
INSERT INTO seat values (683, 2, 'T', 2, 9);
INSERT INTO seat values (684, 2, 'H', 2, 9);
INSERT INTO seat values (685, 2, 'I', 2, 9);
INSERT INTO seat values (686, 2, 'J', 2, 9);
INSERT INTO seat values (687, 2, 'K', 2, 9);
INSERT INTO seat values (688, 2, 'L', 2, 9);
INSERT INTO seat values (689, 2, 'M', 2, 9);
INSERT INTO seat values (690, 2, 'N', 2, 9);
INSERT INTO seat values (691, 2, 'O', 2, 9);
INSERT INTO seat values (692, 2, 'P', 2, 9);
INSERT INTO seat values (693, 2, 'Q', 2, 9);
INSERT INTO seat values (694, 2, 'R', 2, 9);
INSERT INTO seat values (695, 2, 'S', 2, 9);
INSERT INTO seat values (696, 2, 'T', 2, 9);
INSERT INTO seat values (697, 3, 'A', 2, 9);
INSERT INTO seat values (698, 3, 'B', 2, 9);
INSERT INTO seat values (699, 3, 'C', 2, 9);
INSERT INTO seat values (700, 3, 'D', 2, 9);
INSERT INTO seat values (701, 3, 'E', 2, 9);
INSERT INTO seat values (702, 3, 'F', 2, 9);
INSERT INTO seat values (703, 3, 'T', 2, 9);
INSERT INTO seat values (704, 3, 'H', 2, 9);
INSERT INTO seat values (705, 3, 'I', 2, 9);
INSERT INTO seat values (706, 3, 'J', 2, 9);
INSERT INTO seat values (707, 3, 'K', 2, 9);
INSERT INTO seat values (708, 3, 'L', 2, 9);
INSERT INTO seat values (709, 3, 'M', 2, 9);
INSERT INTO seat values (710, 3, 'N', 2, 9);
INSERT INTO seat values (711, 3, 'O', 2, 9);
INSERT INTO seat values (712, 3, 'P', 2, 9);
INSERT INTO seat values (713, 3, 'Q', 2, 9);
INSERT INTO seat values (714, 3, 'R', 2, 9);
INSERT INTO seat values (715, 3, 'S', 2, 9);
INSERT INTO seat values (716, 3, 'T', 2, 9);
INSERT INTO seat values (717, 4, 'A', 2, 9);
INSERT INTO seat values (718, 4, 'B', 2, 9);
INSERT INTO seat values (719, 4, 'C', 2, 9);
INSERT INTO seat values (720, 4, 'D', 2, 9);
INSERT INTO seat values (721, 4, 'E', 2, 9);
INSERT INTO seat values (722, 4, 'F', 2, 9);
INSERT INTO seat values (723, 4, 'T', 2, 9);
INSERT INTO seat values (724, 4, 'H', 2, 9);
INSERT INTO seat values (725, 4, 'I', 2, 9);
INSERT INTO seat values (726, 4, 'J', 2, 9);
INSERT INTO seat values (727, 4, 'K', 2, 9);
INSERT INTO seat values (728, 4, 'L', 2, 9);
INSERT INTO seat values (729, 4, 'M', 2, 9);
INSERT INTO seat values (730, 4, 'N', 2, 9);
INSERT INTO seat values (731, 4, 'O', 2, 9);
INSERT INTO seat values (732, 4, 'P', 2, 9);
INSERT INTO seat values (733, 4, 'Q', 2, 9);
INSERT INTO seat values (734, 4, 'R', 2, 9);
INSERT INTO seat values (735, 4, 'S', 2, 9);
INSERT INTO seat values (736, 4, 'T', 2, 9);
INSERT INTO seat values (737, 5, 'A', 2, 9);
INSERT INTO seat values (738, 5, 'B', 2, 9);
INSERT INTO seat values (739, 5, 'C', 2, 9);
INSERT INTO seat values (740, 5, 'D', 2, 9);
INSERT INTO seat values (741, 5, 'E', 2, 9);
INSERT INTO seat values (742, 5, 'F', 2, 9);
INSERT INTO seat values (743, 5, 'T', 2, 9);
INSERT INTO seat values (744, 5, 'H', 2, 9);
INSERT INTO seat values (745, 5, 'I', 2, 9);
INSERT INTO seat values (746, 5, 'J', 2, 9);
INSERT INTO seat values (747, 5, 'K', 2, 9);
INSERT INTO seat values (748, 5, 'L', 2, 9);
INSERT INTO seat values (749, 5, 'M', 2, 9);
INSERT INTO seat values (750, 5, 'N', 2, 9);
INSERT INTO seat values (751, 5, 'O', 2, 9);
INSERT INTO seat values (752, 5, 'P', 2, 9);
INSERT INTO seat values (753, 5, 'Q', 2, 9);
INSERT INTO seat values (754, 5, 'R', 2, 9);
INSERT INTO seat values (755, 5, 'S', 2, 9);
INSERT INTO seat values (756, 5, 'T', 2, 9);
INSERT INTO seat values (757, 6, 'A', 2, 9);
INSERT INTO seat values (758, 6, 'B', 2, 9);
INSERT INTO seat values (759, 6, 'C', 2, 9);
INSERT INTO seat values (760, 6, 'D', 2, 9);
INSERT INTO seat values (761, 6, 'E', 2, 9);
INSERT INTO seat values (762, 6, 'F', 2, 9);
INSERT INTO seat values (763, 6, 'T', 2, 9);
INSERT INTO seat values (764, 6, 'H', 2, 9);
INSERT INTO seat values (765, 6, 'I', 2, 9);
INSERT INTO seat values (766, 6, 'J', 2, 9);
INSERT INTO seat values (767, 6, 'K', 2, 9);
INSERT INTO seat values (768, 6, 'L', 2, 9);
INSERT INTO seat values (769, 6, 'M', 2, 9);
INSERT INTO seat values (770, 6, 'N', 2, 9);
INSERT INTO seat values (771, 6, 'O', 2, 9);
INSERT INTO seat values (772, 6, 'P', 2, 9);
INSERT INTO seat values (773, 6, 'Q', 2, 9);
INSERT INTO seat values (774, 6, 'R', 2, 9);
INSERT INTO seat values (775, 6, 'S', 2, 9);
INSERT INTO seat values (776, 6, 'T', 2, 9);
INSERT INTO seat values (777, 7, 'A', 2, 9);
INSERT INTO seat values (778, 7, 'B', 2, 9);
INSERT INTO seat values (779, 7, 'C', 2, 9);
INSERT INTO seat values (780, 7, 'D', 2, 9);
INSERT INTO seat values (781, 7, 'E', 2, 9);
INSERT INTO seat values (782, 7, 'F', 2, 9);
INSERT INTO seat values (783, 7, 'T', 2, 9);
INSERT INTO seat values (784, 7, 'H', 2, 9);
INSERT INTO seat values (785, 7, 'I', 2, 9);
INSERT INTO seat values (786, 7, 'J', 2, 9);
INSERT INTO seat values (787, 7, 'K', 2, 9);
INSERT INTO seat values (788, 7, 'L', 2, 9);
INSERT INTO seat values (789, 7, 'M', 2, 9);
INSERT INTO seat values (790, 7, 'N', 2, 9);
INSERT INTO seat values (791, 7, 'O', 2, 9);
INSERT INTO seat values (792, 7, 'P', 2, 9);
INSERT INTO seat values (793, 7, 'Q', 2, 9);
INSERT INTO seat values (794, 7, 'R', 2, 9);
INSERT INTO seat values (795, 7, 'S', 2, 9);
INSERT INTO seat values (796, 7, 'T', 2, 9);
INSERT INTO seat values (797, 8, 'A', 2, 9);
INSERT INTO seat values (798, 8, 'B', 2, 9);
INSERT INTO seat values (799, 8, 'C', 2, 9);
INSERT INTO seat values (800, 8, 'D', 2, 9);
INSERT INTO seat values (801, 8, 'E', 2, 9);
INSERT INTO seat values (802, 8, 'F', 2, 9);
INSERT INTO seat values (803, 8, 'T', 2, 9);
INSERT INTO seat values (804, 8, 'H', 2, 9);
INSERT INTO seat values (805, 8, 'I', 2, 9);
INSERT INTO seat values (806, 8, 'J', 2, 9);
INSERT INTO seat values (807, 8, 'K', 2, 9);
INSERT INTO seat values (808, 8, 'L', 2, 9);
INSERT INTO seat values (809, 8, 'M', 2, 9);
INSERT INTO seat values (810, 8, 'N', 2, 9);
INSERT INTO seat values (811, 8, 'O', 2, 9);
INSERT INTO seat values (812, 8, 'P', 2, 9);
INSERT INTO seat values (813, 8, 'Q', 2, 9);
INSERT INTO seat values (814, 8, 'R', 2, 9);
INSERT INTO seat values (815, 8, 'S', 2, 9);
INSERT INTO seat values (816, 8, 'T', 2, 9);
INSERT INTO seat values (817, 9, 'A', 2, 9);
INSERT INTO seat values (818, 9, 'B', 2, 9);
INSERT INTO seat values (819, 9, 'C', 2, 9);
INSERT INTO seat values (820, 9, 'D', 2, 9);
INSERT INTO seat values (821, 9, 'E', 2, 9);
INSERT INTO seat values (822, 9, 'F', 2, 9);
INSERT INTO seat values (823, 9, 'T', 2, 9);
INSERT INTO seat values (824, 9, 'H', 2, 9);
INSERT INTO seat values (825, 9, 'I', 2, 9);
INSERT INTO seat values (826, 9, 'J', 2, 9);
INSERT INTO seat values (827, 9, 'K', 2, 9);
INSERT INTO seat values (828, 9, 'L', 2, 9);
INSERT INTO seat values (829, 9, 'M', 2, 9);
INSERT INTO seat values (830, 9, 'N', 2, 9);
INSERT INTO seat values (831, 9, 'O', 2, 9);
INSERT INTO seat values (832, 9, 'P', 2, 9);
INSERT INTO seat values (833, 9, 'Q', 2, 9);
INSERT INTO seat values (834, 9, 'R', 2, 9);
INSERT INTO seat values (835, 9, 'S', 2, 9);
INSERT INTO seat values (836, 9, 'T', 2, 9);
INSERT INTO seat values (837, 10, 'A', 2, 9);
INSERT INTO seat values (838, 10, 'B', 2, 9);
INSERT INTO seat values (839, 10, 'C', 2, 9);
INSERT INTO seat values (840, 10, 'D', 2, 9);
INSERT INTO seat values (841, 10, 'E', 2, 9);
INSERT INTO seat values (842, 10, 'F', 2, 9);
INSERT INTO seat values (843, 10, 'T', 2, 9);
INSERT INTO seat values (844, 10, 'H', 2, 9);
INSERT INTO seat values (845, 10, 'I', 2, 9);
INSERT INTO seat values (846, 10, 'J', 2, 9);
INSERT INTO seat values (847, 10, 'K', 2, 9);
INSERT INTO seat values (848, 10, 'L', 2, 9);
INSERT INTO seat values (849, 10, 'M', 2, 9);
INSERT INTO seat values (850, 10, 'N', 2, 9);
INSERT INTO seat values (851, 10, 'O', 2, 9);
INSERT INTO seat values (852, 10, 'P', 2, 9);
INSERT INTO seat values (853, 10, 'Q', 2, 9);
INSERT INTO seat values (854, 10, 'R', 2, 9);
INSERT INTO seat values (855, 10, 'S', 2, 9);
INSERT INTO seat values (856, 10, 'T', 2, 9);
INSERT INTO seat values (857, 11, 'A', 2, 10);
INSERT INTO seat values (858, 11, 'B', 2, 10);
INSERT INTO seat values (859, 11, 'C', 2, 10);
INSERT INTO seat values (860, 11, 'D', 2, 10);
INSERT INTO seat values (861, 11, 'E', 2, 10);
INSERT INTO seat values (862, 11, 'F', 2, 10);
INSERT INTO seat values (863, 11, 'T', 2, 10);
INSERT INTO seat values (864, 11, 'H', 2, 10);
INSERT INTO seat values (865, 11, 'I', 2, 10);
INSERT INTO seat values (866, 11, 'J', 2, 10);
INSERT INTO seat values (867, 11, 'K', 2, 10);
INSERT INTO seat values (868, 11, 'L', 2, 10);
INSERT INTO seat values (869, 11, 'M', 2, 10);
INSERT INTO seat values (870, 11, 'N', 2, 10);
INSERT INTO seat values (871, 11, 'O', 2, 10);
INSERT INTO seat values (872, 11, 'P', 2, 10);
INSERT INTO seat values (873, 11, 'Q', 2, 10);
INSERT INTO seat values (874, 11, 'R', 2, 10);
INSERT INTO seat values (875, 11, 'S', 2, 10);
INSERT INTO seat values (876, 11, 'T', 2, 10);
INSERT INTO seat values (877, 12, 'A', 2, 10);
INSERT INTO seat values (878, 12, 'B', 2, 10);
INSERT INTO seat values (879, 12, 'C', 2, 10);
INSERT INTO seat values (880, 12, 'D', 2, 10);
INSERT INTO seat values (881, 12, 'E', 2, 10);
INSERT INTO seat values (882, 12, 'F', 2, 10);
INSERT INTO seat values (883, 12, 'T', 2, 10);
INSERT INTO seat values (884, 12, 'H', 2, 10);
INSERT INTO seat values (885, 12, 'I', 2, 10);
INSERT INTO seat values (886, 12, 'J', 2, 10);
INSERT INTO seat values (887, 12, 'K', 2, 10);
INSERT INTO seat values (888, 12, 'L', 2, 10);
INSERT INTO seat values (889, 12, 'M', 2, 10);
INSERT INTO seat values (890, 12, 'N', 2, 10);
INSERT INTO seat values (891, 12, 'O', 2, 10);
INSERT INTO seat values (892, 12, 'P', 2, 10);
INSERT INTO seat values (893, 12, 'Q', 2, 10);
INSERT INTO seat values (894, 12, 'R', 2, 10);
INSERT INTO seat values (895, 12, 'S', 2, 10);
INSERT INTO seat values (896, 12, 'T', 2, 10);
INSERT INTO seat values (897, 13, 'A', 2, 10);
INSERT INTO seat values (898, 13, 'B', 2, 10);
INSERT INTO seat values (899, 13, 'C', 2, 10);
INSERT INTO seat values (900, 13, 'D', 2, 10);
INSERT INTO seat values (901, 13, 'E', 2, 10);
INSERT INTO seat values (902, 13, 'F', 2, 10);
INSERT INTO seat values (903, 13, 'T', 2, 10);
INSERT INTO seat values (904, 13, 'H', 2, 10);
INSERT INTO seat values (905, 13, 'I', 2, 10);
INSERT INTO seat values (906, 13, 'J', 2, 10);
INSERT INTO seat values (907, 13, 'K', 2, 10);
INSERT INTO seat values (908, 13, 'L', 2, 10);
INSERT INTO seat values (909, 13, 'M', 2, 10);
INSERT INTO seat values (910, 13, 'N', 2, 10);
INSERT INTO seat values (911, 13, 'O', 2, 10);
INSERT INTO seat values (912, 13, 'P', 2, 10);
INSERT INTO seat values (913, 13, 'Q', 2, 10);
INSERT INTO seat values (914, 13, 'R', 2, 10);
INSERT INTO seat values (915, 13, 'S', 2, 10);
INSERT INTO seat values (916, 13, 'T', 2, 10);
INSERT INTO seat values (917, 14, 'A', 2, 10);
INSERT INTO seat values (918, 14, 'B', 2, 10);
INSERT INTO seat values (919, 14, 'C', 2, 10);
INSERT INTO seat values (920, 14, 'D', 2, 10);
INSERT INTO seat values (921, 14, 'E', 2, 10);
INSERT INTO seat values (922, 14, 'F', 2, 10);
INSERT INTO seat values (923, 14, 'T', 2, 10);
INSERT INTO seat values (924, 14, 'H', 2, 10);
INSERT INTO seat values (925, 14, 'I', 2, 10);
INSERT INTO seat values (926, 14, 'J', 2, 10);
INSERT INTO seat values (927, 14, 'K', 2, 10);
INSERT INTO seat values (928, 14, 'L', 2, 10);
INSERT INTO seat values (929, 14, 'M', 2, 10);
INSERT INTO seat values (930, 14, 'N', 2, 10);
INSERT INTO seat values (931, 14, 'O', 2, 10);
INSERT INTO seat values (932, 14, 'P', 2, 10);
INSERT INTO seat values (933, 14, 'Q', 2, 10);
INSERT INTO seat values (934, 14, 'R', 2, 10);
INSERT INTO seat values (935, 14, 'S', 2, 10);
INSERT INTO seat values (936, 14, 'T', 2, 10);
INSERT INTO seat values (937, 15, 'A', 2, 10);
INSERT INTO seat values (938, 15, 'B', 2, 10);
INSERT INTO seat values (939, 15, 'C', 2, 10);
INSERT INTO seat values (940, 15, 'D', 2, 10);
INSERT INTO seat values (941, 15, 'E', 2, 10);
INSERT INTO seat values (942, 15, 'F', 2, 10);
INSERT INTO seat values (943, 15, 'T', 2, 10);
INSERT INTO seat values (944, 15, 'H', 2, 10);
INSERT INTO seat values (945, 15, 'I', 2, 10);
INSERT INTO seat values (946, 15, 'J', 2, 10);
INSERT INTO seat values (947, 15, 'K', 2, 10);
INSERT INTO seat values (948, 15, 'L', 2, 10);
INSERT INTO seat values (949, 15, 'M', 2, 10);
INSERT INTO seat values (950, 15, 'N', 2, 10);
INSERT INTO seat values (951, 15, 'O', 2, 10);
INSERT INTO seat values (952, 15, 'P', 2, 10);
INSERT INTO seat values (953, 15, 'Q', 2, 10);
INSERT INTO seat values (954, 15, 'R', 2, 10);
INSERT INTO seat values (955, 15, 'S', 2, 10);
INSERT INTO seat values (956, 15, 'T', 2, 10);
INSERT INTO seat values (957, 16, 'A', 2, 10);
INSERT INTO seat values (958, 16, 'B', 2, 10);
INSERT INTO seat values (959, 16, 'C', 2, 10);
INSERT INTO seat values (960, 16, 'D', 2, 10);
INSERT INTO seat values (961, 16, 'E', 2, 10);
INSERT INTO seat values (962, 16, 'F', 2, 10);
INSERT INTO seat values (963, 16, 'T', 2, 10);
INSERT INTO seat values (964, 16, 'H', 2, 10);
INSERT INTO seat values (965, 16, 'I', 2, 10);
INSERT INTO seat values (966, 16, 'J', 2, 10);
INSERT INTO seat values (967, 16, 'K', 2, 10);
INSERT INTO seat values (968, 16, 'L', 2, 10);
INSERT INTO seat values (969, 16, 'M', 2, 10);
INSERT INTO seat values (970, 16, 'N', 2, 10);
INSERT INTO seat values (971, 16, 'O', 2, 10);
INSERT INTO seat values (972, 16, 'P', 2, 10);
INSERT INTO seat values (973, 16, 'Q', 2, 10);
INSERT INTO seat values (974, 16, 'R', 2, 10);
INSERT INTO seat values (975, 16, 'S', 2, 10);
INSERT INTO seat values (976, 16, 'T', 2, 10);
INSERT INTO seat values (977, 17, 'A', 2, 10);
INSERT INTO seat values (978, 17, 'B', 2, 10);
INSERT INTO seat values (979, 17, 'C', 2, 10);
INSERT INTO seat values (980, 17, 'D', 2, 10);
INSERT INTO seat values (981, 17, 'E', 2, 10);
INSERT INTO seat values (982, 17, 'F', 2, 10);
INSERT INTO seat values (983, 17, 'T', 2, 10);
INSERT INTO seat values (984, 17, 'H', 2, 10);
INSERT INTO seat values (985, 17, 'I', 2, 10);
INSERT INTO seat values (986, 17, 'J', 2, 10);
INSERT INTO seat values (987, 17, 'K', 2, 10);
INSERT INTO seat values (988, 17, 'L', 2, 10);
INSERT INTO seat values (989, 17, 'M', 2, 10);
INSERT INTO seat values (990, 17, 'N', 2, 10);
INSERT INTO seat values (991, 17, 'O', 2, 10);
INSERT INTO seat values (992, 17, 'P', 2, 10);
INSERT INTO seat values (993, 17, 'Q', 2, 10);
INSERT INTO seat values (994, 17, 'R', 2, 10);
INSERT INTO seat values (995, 17, 'S', 2, 10);
INSERT INTO seat values (996, 17, 'T', 2, 10);
INSERT INTO seat values (997, 18, 'A', 2, 10);
INSERT INTO seat values (998, 18, 'B', 2, 10);
INSERT INTO seat values (999, 18, 'C', 2, 10);
INSERT INTO seat values (1000, 18, 'D', 2, 10);
INSERT INTO seat values (1001, 18, 'E', 2, 10);
INSERT INTO seat values (1002, 18, 'F', 2, 10);
INSERT INTO seat values (1003, 18, 'T', 2, 10);
INSERT INTO seat values (1004, 18, 'H', 2, 10);
INSERT INTO seat values (1005, 18, 'I', 2, 10);
INSERT INTO seat values (1006, 18, 'J', 2, 10);
INSERT INTO seat values (1007, 18, 'K', 2, 10);
INSERT INTO seat values (1008, 18, 'L', 2, 10);
INSERT INTO seat values (1009, 18, 'M', 2, 10);
INSERT INTO seat values (1010, 18, 'N', 2, 10);
INSERT INTO seat values (1011, 18, 'O', 2, 10);
INSERT INTO seat values (1012, 18, 'P', 2, 10);
INSERT INTO seat values (1013, 18, 'Q', 2, 10);
INSERT INTO seat values (1014, 18, 'R', 2, 10);
INSERT INTO seat values (1015, 18, 'S', 2, 10);
INSERT INTO seat values (1016, 18, 'T', 2, 10);
INSERT INTO seat values (1017, 19, 'A', 2, 10);
INSERT INTO seat values (1018, 19, 'B', 2, 10);
INSERT INTO seat values (1019, 19, 'C', 2, 10);
INSERT INTO seat values (1020, 19, 'D', 2, 10);
INSERT INTO seat values (1021, 19, 'E', 2, 10);
INSERT INTO seat values (1022, 19, 'F', 2, 10);
INSERT INTO seat values (1023, 19, 'T', 2, 10);
INSERT INTO seat values (1024, 19, 'H', 2, 10);
INSERT INTO seat values (1025, 19, 'I', 2, 10);
INSERT INTO seat values (1026, 19, 'J', 2, 10);
INSERT INTO seat values (1027, 19, 'K', 2, 10);
INSERT INTO seat values (1028, 19, 'L', 2, 10);
INSERT INTO seat values (1029, 19, 'M', 2, 10);
INSERT INTO seat values (1030, 19, 'N', 2, 10);
INSERT INTO seat values (1031, 19, 'O', 2, 10);
INSERT INTO seat values (1032, 19, 'P', 2, 10);
INSERT INTO seat values (1033, 19, 'Q', 2, 10);
INSERT INTO seat values (1034, 19, 'R', 2, 10);
INSERT INTO seat values (1035, 19, 'S', 2, 10);
INSERT INTO seat values (1036, 19, 'T', 2, 10);
INSERT INTO seat values (1037, 20, 'A', 2, 10);
INSERT INTO seat values (1038, 20, 'B', 2, 10);
INSERT INTO seat values (1039, 20, 'C', 2, 10);
INSERT INTO seat values (1040, 20, 'D', 2, 10);
INSERT INTO seat values (1041, 20, 'E', 2, 10);
INSERT INTO seat values (1042, 20, 'F', 2, 10);
INSERT INTO seat values (1043, 20, 'T', 2, 10);
INSERT INTO seat values (1044, 20, 'H', 2, 10);
INSERT INTO seat values (1045, 20, 'I', 2, 10);
INSERT INTO seat values (1046, 20, 'J', 2, 10);
INSERT INTO seat values (1047, 20, 'K', 2, 10);
INSERT INTO seat values (1048, 20, 'L', 2, 10);
INSERT INTO seat values (1049, 20, 'M', 2, 10);
INSERT INTO seat values (1050, 20, 'N', 2, 10);
INSERT INTO seat values (1051, 20, 'O', 2, 10);
INSERT INTO seat values (1052, 20, 'P', 2, 10);
INSERT INTO seat values (1053, 20, 'Q', 2, 10);
INSERT INTO seat values (1054, 20, 'R', 2, 10);
INSERT INTO seat values (1055, 20, 'S', 2, 10);


INSERT INTO media VALUES (1, 'POSTER', 'https://images-na.ssl-images-amazon.com/images/M/MV5BMTU2NTA0NDM0MF5BMl5BanBnXkFtZTgwMDMzMTQzMTI@._V1_SY1000_CR0,0,666,1000_AL_.jpg', 1);
INSERT INTO media VALUES (2, 'POSTER', 'https://images-na.ssl-images-amazon.com/images/M/MV5BMTUwMzI5ODEwNF5BMl5BanBnXkFtZTgwNjAzNjI2MDI@._V1_SY1000_CR0,0,674,1000_AL_.jpg', 2);
INSERT INTO media VALUES (3, 'POSTER', 'https://images-na.ssl-images-amazon.com/images/M/MV5BMjI1MjkzMjczMV5BMl5BanBnXkFtZTgwNDk4NjYyMTI@._V1_SY1000_CR0,0,676,1000_AL_.jpg', 3);
INSERT INTO media VALUES (4, 'POSTER', 'https://images-na.ssl-images-amazon.com/images/M/MV5BMTYzODYzODU2Ml5BMl5BanBnXkFtZTgwNTc1MTA2NzE@._V1_SY1000_CR0,0,674,1000_AL_.jpg', 4);
INSERT INTO media VALUES (5, 'POSTER', 'https://images-na.ssl-images-amazon.com/images/M/MV5BMjQ1NjM3MTUxNV5BMl5BanBnXkFtZTgwMDc5MTY5OTE@._V1_SY1000_CR0,0,647,1000_AL_.jpg', 5);
INSERT INTO media VALUES (6, 'POSTER', 'https://images-na.ssl-images-amazon.com/images/M/MV5BMTQ5NTk0Njg2N15BMl5BanBnXkFtZTgwNzk5Nzk3MDI@._V1_SY1000_CR0,0,631,1000_AL_.jpg', 6);
INSERT INTO media VALUES (7, 'POSTER', 'https://images-na.ssl-images-amazon.com/images/M/MV5BMTYxMjk0NDg4Ml5BMl5BanBnXkFtZTgwODcyNjA5OTE@._V1_SY1000_CR0,0,674,1000_AL_.jpg', 7);
INSERT INTO media VALUES (8, 'POSTER', 'https://images-na.ssl-images-amazon.com/images/M/MV5BMTcyNTEyOTY0M15BMl5BanBnXkFtZTgwOTAyNzU3MDI@._V1_SY1000_CR0,0,674,1000_AL_.jpg', 8);
INSERT INTO media VALUES (9, 'POSTER', 'https://images-na.ssl-images-amazon.com/images/M/MV5BMjE2NDkxNTY2M15BMl5BanBnXkFtZTgwMDc2NzE0MTI@._V1_SY1000_CR0,0,648,1000_AL_.jpg', 9);
INSERT INTO media VALUES (10, 'POSTER', 'https://images-na.ssl-images-amazon.com/images/M/MV5BMjA3MjAzOTQxNF5BMl5BanBnXkFtZTgwOTc5OTY1OTE@._V1_SY1000_CR0,0,631,1000_AL_.jpg', 10);
INSERT INTO media VALUES (11, 'POSTER', 'https://images-na.ssl-images-amazon.com/images/M/MV5BNzQxNTIyODAxMV5BMl5BanBnXkFtZTgwNzQyMDA3OTE@._V1_SY1000_CR0,0,674,1000_AL_.jpg', 11);
INSERT INTO media VALUES (12, 'POSTER', 'https://images-na.ssl-images-amazon.com/images/M/MV5BMTExMzU0ODcxNDheQTJeQWpwZ15BbWU4MDE1OTI4MzAy._V1_SY1000_CR0,0,640,1000_AL_.jpg', 12);
INSERT INTO media VALUES (13, 'POSTER', 'https://images-na.ssl-images-amazon.com/images/M/MV5BMjEwMzMxODIzOV5BMl5BanBnXkFtZTgwNzg3OTAzMDI@._V1_SY1000_SX675_AL_.jpg', 13);
INSERT INTO media VALUES (14, 'POSTER', 'https://images-na.ssl-images-amazon.com/images/M/MV5BMTg5Njg1MzIwNl5BMl5BanBnXkFtZTgwNDU1NjczMDI@._V1_SY1000_SX675_AL_.jpg', 14);
INSERT INTO media VALUES (15, 'POSTER', 'https://images-na.ssl-images-amazon.com/images/M/MV5BMzUzNDM2NzM2MV5BMl5BanBnXkFtZTgwNTM3NTg4OTE@._V1_SY1000_SX675_AL_.jpg', 15);
INSERT INTO media VALUES (16, 'POSTER', 'https://images-na.ssl-images-amazon.com/images/M/MV5BMzg4MjYzNjk5N15BMl5BanBnXkFtZTgwODgwODI3MDI@._V1_SY1000_SX675_AL_.jpg', 16);

INSERT INTO media VALUES (17, 'TRAILER', 'https://www.youtube.com/embed/EsozpEE543w', 1);
INSERT INTO media VALUES (18, 'TRAILER', 'https://www.youtube.com/embed/44LdLqgOpjo', 2);
INSERT INTO media VALUES (19, 'TRAILER', 'https://www.youtube.com/embed/Div0iP65aZo', 3);
INSERT INTO media VALUES (20, 'TRAILER', 'https://www.youtube.com/embed/RYHBD9RF2dk', 4);

INSERT INTO showing VALUES (01,1490450400000,1,1);
INSERT INTO showing VALUES (04,1490455800000,1,1);
INSERT INTO showing VALUES (02,1490463000000,1,1);
INSERT INTO showing VALUES (03,1490475600000,1,1);
INSERT INTO showing VALUES (05,1490518800000,1,1);
INSERT INTO showing VALUES (06,1490529600000,1,1);
INSERT INTO showing VALUES (07,1490542200000,1,1);
INSERT INTO showing VALUES (07,1490614200000,1,1);
INSERT INTO showing VALUES (08,1490630400000,1,1);
INSERT INTO showing VALUES (09,1490371200000,2,2);
INSERT INTO showing VALUES (10,1490387400000,2,2);
INSERT INTO showing VALUES (11,1490434200000,2,2);
INSERT INTO showing VALUES (12,1490445000000,2,2);
INSERT INTO showing VALUES (13,1490461200000,2,2);
INSERT INTO showing VALUES (14,1490527800000,2,2);
INSERT INTO showing VALUES (15,1490551200000,2,2);
INSERT INTO showing VALUES (16,1490614200000,2,2);
INSERT INTO showing VALUES (17,1490358600000,3,3);
INSERT INTO showing VALUES (18,1490365800000,3,3);
INSERT INTO showing VALUES (19,1490382000000,3,3);
INSERT INTO showing VALUES (20,1490468400000,3,3);
INSERT INTO showing VALUES (21,1490472000000,3,3);
INSERT INTO showing VALUES (22,1490526000000,3,3);
INSERT INTO showing VALUES (23,1490547600000,3,3);
INSERT INTO showing VALUES (24,1490614200000,3,3);
INSERT INTO showing VALUES (25,1490727600000,3,3);


INSERT INTO booking VALUES (1,1488887075419,'Jan@Newton.com','Jan@Newton.com');
INSERT INTO booking VALUES (2,1489498268947,'Jim@Surname.com','Jim@Surname.com');
INSERT INTO booking VALUES (3,1489138622572,'Lisa@jackson.com','Lisa@jackson.com');
INSERT INTO booking VALUES (4,1488686880389,'Lisa@jackson.com','Lisa@jackson.com');
INSERT INTO booking VALUES (5,1488945104008,'Bob@Blue.com','Bob@Blue.com');
INSERT INTO booking VALUES (6,1489531453500,'James@Lamkin.com','James@Lamkin.com');
INSERT INTO booking VALUES (7,1489094850907,'Mary@Green.com','Mary@Green.com');
INSERT INTO booking VALUES (8,1488891205352,'Mary@Green.com','Mary@Green.com');
INSERT INTO booking VALUES (9,1488819823601,'Sam@jackson.com','Sam@jackson.com');
INSERT INTO booking VALUES (10,1488836050979,'Carl@Jarvis.com','Carl@Jarvis.com');
INSERT INTO booking VALUES (11,1489007492048,'Bob@Newton.com','Bob@Newton.com');
INSERT INTO booking VALUES (12,1489375695387,'James@Lamkin.com','James@Lamkin.com');
INSERT INTO booking VALUES (13,1489061893959,'Martyn@jackson.com','Martyn@jackson.com');
INSERT INTO booking VALUES (14,1488875680086,'Martyn@jackson.com','Martyn@jackson.com');
INSERT INTO booking VALUES (15,1488835199574,'Carl@Surname.com','Carl@Surname.com');
INSERT INTO booking VALUES (16,1489051031481,'Fred@Surname.com','Fred@Surname.com');
INSERT INTO booking VALUES (17,1489322222669,'Jan@Newton.com','Jan@Newton.com');
INSERT INTO booking VALUES (18,1489357727473,'Hary@Lamkin.com','Hary@Lamkin.com');
INSERT INTO booking VALUES (19,1489345012022,'Fred@Jarvis.com','Fred@Jarvis.com');
INSERT INTO booking VALUES (20,1489359266641,'Sue@Blue.com','Sue@Blue.com');
INSERT INTO booking VALUES (21,1488663839690,'Hary@Lamkin.com','Hary@Lamkin.com');
INSERT INTO booking VALUES (22,1489116444139,'Jim@Newton.com','Jim@Newton.com');
INSERT INTO booking VALUES (23,1488776662632,'Bob@Newton.com','Bob@Newton.com');
INSERT INTO booking VALUES (24,1488783878977,'Steve@Jarvis.com','Steve@Jarvis.com');
INSERT INTO booking VALUES (25,1488792694375,'James@Green.com','James@Green.com');
INSERT INTO booking VALUES (26,1489119745858,'Hary@Lamkin.com','Hary@Lamkin.com');
INSERT INTO booking VALUES (27,1488863447209,'Fred@Surname.com','Fred@Surname.com');
INSERT INTO booking VALUES (28,1489043533149,'Bob@Newton.com','Bob@Newton.com');
INSERT INTO booking VALUES (29,1488554747931,'Lisa@jackson.com','Lisa@jackson.com');
INSERT INTO booking VALUES (30,1488837329177,'Mary@Green.com','Mary@Green.com');
INSERT INTO booking VALUES (31,1488546227803,'Alex@Newton.com','Alex@Newton.com');
INSERT INTO booking VALUES (32,1489509265577,'Fred@Jarvis.com','Fred@Jarvis.com');
INSERT INTO booking VALUES (33,1488338780967,'James@Lamkin.com','James@Lamkin.com');
INSERT INTO booking VALUES (34,1489209639190,'Sue@Blue.com','Sue@Blue.com');
INSERT INTO booking VALUES (35,1489176220542,'Alex@Newton.com','Alex@Newton.com');
INSERT INTO booking VALUES (36,1489284151028,'Jim@Newton.com','Jim@Newton.com');
INSERT INTO booking VALUES (37,1489279924146,'Martyn@Green.com','Martyn@Green.com');
INSERT INTO booking VALUES (38,1488477034174,'Sam@jackson.com','Sam@jackson.com');
INSERT INTO booking VALUES (39,1489198115749,'Bob@Newton.com','Bob@Newton.com');
INSERT INTO booking VALUES (40,1489198983450,'Carl@Surname.com','Carl@Surname.com');
INSERT INTO booking VALUES (41,1488360629327,'Fred@Surname.com','Fred@Surname.com');
INSERT INTO booking VALUES (42,1489010804297,'Bob@Blue.com','Bob@Blue.com');
INSERT INTO booking VALUES (43,1488874274479,'Fred@Surname.com','Fred@Surname.com');
INSERT INTO booking VALUES (44,1488512791125,'Sam@Lamkin.com','Sam@Lamkin.com');
INSERT INTO booking VALUES (45,1488893979569,'Jan@Newton.com','Jan@Newton.com');
INSERT INTO booking VALUES (46,1489379298469,'Steve@Jarvis.com','Steve@Jarvis.com');
INSERT INTO booking VALUES (47,1488491090220,'Lisa@jackson.com','Lisa@jackson.com');
INSERT INTO booking VALUES (48,1489518542224,'Sam@Jarvis.com','Sam@Jarvis.com');
INSERT INTO booking VALUES (49,1489502625926,'Sam@Jarvis.com','Sam@Jarvis.com');
INSERT INTO booking VALUES (50,1488344657123,'Bob@Newton.com','Bob@Newton.com');
INSERT INTO booking VALUES (51,1488725697080,'Martyn@Green.com','Martyn@Green.com');
INSERT INTO booking VALUES (52,1489525831902,'James@Green.com','James@Green.com');
INSERT INTO booking VALUES (53,1489393693132,'Carl@Surname.com','Carl@Surname.com');
INSERT INTO booking VALUES (54,1489204160315,'Bob@Blue.com','Bob@Blue.com');
INSERT INTO booking VALUES (55,1488470780058,'Lisa@jackson.com','Lisa@jackson.com');
INSERT INTO booking VALUES (56,1489311585929,'Jim@Newton.com','Jim@Newton.com');
INSERT INTO booking VALUES (57,1488906853277,'Carl@Surname.com','Carl@Surname.com');
INSERT INTO booking VALUES (58,1489453250739,'Sam@Blue.com','Sam@Blue.com');
INSERT INTO booking VALUES (59,1489585797432,'Martyn@Green.com','Martyn@Green.com');
INSERT INTO booking VALUES (60,1489261667303,'James@Lamkin.com','James@Lamkin.com');
INSERT INTO booking VALUES (61,1488766028094,'Steve@Jarvis.com','Steve@Jarvis.com');
INSERT INTO booking VALUES (62,1489370335848,'Fred@Jarvis.com','Fred@Jarvis.com');
INSERT INTO booking VALUES (63,1488438396836,'Jim@Newton.com','Jim@Newton.com');
INSERT INTO booking VALUES (64,1488487788171,'James@Green.com','James@Green.com');
INSERT INTO booking VALUES (65,1488518459268,'Lisa@jackson.com','Lisa@jackson.com');
INSERT INTO booking VALUES (66,1488414815085,'Alex@Newton.com','Alex@Newton.com');
INSERT INTO booking VALUES (67,1489237916929,'Bob@Blue.com','Bob@Blue.com');
INSERT INTO booking VALUES (68,1489336351446,'Sue@Blue.com','Sue@Blue.com');
INSERT INTO booking VALUES (69,1489281256072,'Alex@Surname.com','Alex@Surname.com');
INSERT INTO booking VALUES (70,1488625450684,'Jan@Newton.com','Jan@Newton.com');


INSERT INTO ticket VALUES (1,12.99,'PREMIUM',117,1,1);
INSERT INTO ticket VALUES (2,7.49,'CONCESSION',45,2,2);
INSERT INTO ticket VALUES (3,7.49,'CONCESSION',200,2,3);
INSERT INTO ticket VALUES (4,7.49,'CONCESSION',208,2,3);
INSERT INTO ticket VALUES (5,5.99,'CHILD',3,3,4);
INSERT INTO ticket VALUES (6,9.99,'ADULT',50,3,5);
INSERT INTO ticket VALUES (7,9.99,'ADULT',58,3,5);
INSERT INTO ticket VALUES (8,9.99,'ADULT',251,4,6);
INSERT INTO ticket VALUES (9,5.99,'CHILD',127,4,7);
INSERT INTO ticket VALUES (10,5.99,'CHILD',135,4,7);
INSERT INTO ticket VALUES (11,12.99,'PREMIUM',69,5,8);
INSERT INTO ticket VALUES (17,7.49,'CONCESSION',115,7,12);
INSERT INTO ticket VALUES (18,12.99,'PREMIUM',152,7,13);
INSERT INTO ticket VALUES (19,12.99,'PREMIUM',160,7,13);
INSERT INTO ticket VALUES (21,7.49,'CONCESSION',199,8,15);
INSERT INTO ticket VALUES (23,7.49,'CONCESSION',125,9,16);
INSERT INTO ticket VALUES (24,5.99,'CHILD',30,9,17);
INSERT INTO ticket VALUES (25,5.99,'CHILD',38,9,17);
INSERT INTO ticket VALUES (26,12.99,'PREMIUM',151,10,18);
INSERT INTO ticket VALUES (27,7.49,'CONCESSION',172,10,19);
INSERT INTO ticket VALUES (28,7.49,'CONCESSION',180,10,19);
INSERT INTO ticket VALUES (30,5.99,'CHILD',59,11,21);
INSERT INTO ticket VALUES (31,5.99,'CHILD',67,11,21);


INSERT INTO user VALUES('Alex@Newton.com','Alex','Newton','1 Street','Second','Townsville','Citydom','CT8 6SE','password');
INSERT INTO user VALUES('Fred@Surname.com','Fred','Surname','987 Lane','Here','Nowheresville','Nowhere','NN9 5HE','password');
INSERT INTO user VALUES('Sam@Jarvis.com','Sam','Jarvis','123 Street','Place','Townstown','Citycity','CT9 2PL','password');
INSERT INTO user VALUES('James@Lamkin.com','James','Lamkin','The House',' 1 Street','Townsville','Citydom','CT14 6 1','password');
INSERT INTO user VALUES('Martyn@Green.com','Martyn','Green','123 Lane','Here','Nowheresville','Nowhere','NN10 5HE','password');
INSERT INTO user VALUES('Sam@jackson.com','Sam','jackson','19 Street Lane','Place','Townstown','Citycity','CT9 0PL','password');
INSERT INTO user VALUES('Bob@Blue.com','Bob','Blue','15 House Lane','Town','City','City','CC6 2TO','password');
INSERT INTO user VALUES('Jim@Newton.com','Jim','Newton','51 Street','Second','Townsville','Citydom','CT19 0SE','password');
INSERT INTO user VALUES('Carl@Surname.com','Carl','Surname','8987 Lane','Here','Nowheresville','Nowhere','NN13 4HE','password');
INSERT INTO user VALUES('Steve@Jarvis.com','Steve','Jarvis','5123 Street','Place','Townstown','Citycity','CT19 2PL','password');
INSERT INTO user VALUES('Hary@Lamkin.com','Hary','Lamkin','5The House',' 1 Street','Townsville','Citydom','CT3 1 1','password');
INSERT INTO user VALUES('Mary@Green.com','Mary','Green','8123 Lane','Here','Nowheresville','Nowhere','NN3 7HE','password');
INSERT INTO user VALUES('Lisa@jackson.com','Lisa','jackson','419 Street Lane','Place','Townstown','Citycity','CT12 1PL','password');
INSERT INTO user VALUES('Sue@Blue.com','Sue','Blue','715 House Lane','Town','City','City','CC15 6TO','password');
INSERT INTO user VALUES('Jan@Newton.com','Jan','Newton','451 Street','Second','Townsville','Citydom','CT8 5SE','password');
INSERT INTO user VALUES('Alex@Surname.com','Alex','Surname','98987 Lane','Here','Nowheresville','Nowhere','NN6 1HE','password');
INSERT INTO user VALUES('Fred@Jarvis.com','Fred','Jarvis','65123 Street','Place','Townstown','Citycity','CT3 0PL','password');
INSERT INTO user VALUES('Sam@Lamkin.com','Sam','Lamkin','55The House',' 1 Street','Townsville','Citydom','CT14 5 1','password');
INSERT INTO user VALUES('James@Green.com','James','Green','58123 Lane','Here','Nowheresville','Nowhere','NN1 8HE','password');
INSERT INTO user VALUES('Martyn@jackson.com','Martyn','jackson','5419 Street Lane','Place','Townstown','Citycity','CT15 3PL','password');
INSERT INTO user VALUES('Sam@Blue.com','Sam','Blue','5715 House Lane','Town','City','City','CC3 0TO','password');
INSERT INTO user VALUES('Bob@Newton.com','Bob','Newton','5451 Street','Second','Townsville','Citydom','CT11 3SE','password');
INSERT INTO user VALUES('Jim@Surname.com','Jim','Surname','698987 Lane','Here','Nowheresville','Nowhere','NN5 3HE','password');
INSERT INTO user VALUES('Carl@Jarvis.com','Carl','Jarvis','165123 Street','Place','Townstown','Citycity','CT1 0PL','password');
